Original Sentence,Paraphrase
how do you send a private message to someone you’re following on quora?,Can you time or send a private message to someone following that person on Quora?
how do you send a private message to someone you’re following on quora?,How can I message a private message following on quora?
how do you send a private message to someone you’re following on quora?,What should I put in my private message following quora?
how do you send a private message to someone you’re following on quora?,How can i notify my friends regarding my private messages on quora?
how do you send a private message to someone you’re following on quora?,Can I follow my private message on Quora?
how do you send a private message to someone you’re following on quora?,How do I post a private message that I have not following in quora?
how do you send a private message to someone you’re following on quora?,Can I messages be after I have left private message?
how do you send a private message to someone you’re following on quora?,Why are you private in a message following quora?
how do you send a private message to someone you’re following on quora?,How to send private message when following on quora?
how do you send a private message to someone you’re following on quora?,When can I post a private message by following on not quora?
do you believe donald trump can make america great again?,Are you a Trump supporter and you believe that he is a great american after all?
do you believe donald trump can make america great again?,When do you believe Donald Trump was America Great or not so great?
do you believe donald trump can make america great again?,Why can you do the to make America great?
do you believe donald trump can make america great again?,If Donald Trump really believe he won countries like America and the EU great what will be the countries he will conquer and why?
do you believe donald trump can make america great again?,Why do you believe Donald Trump 2016 is a great president or american great?
do you believe donald trump can make america great again?,What do you think of Donald Trump and america his presidency so far?
do you believe donald trump can make america great again?,Why does awareness make people believe nothing is not true about america or won't happen to them in the future if they don't believe everything they are told?
do you believe donald trump can make america great again?,Why do you believe Donald Trump as president of america?
do you believe donald trump can make america great again?,Why America doesn't believe what it says in its own words
do you believe donald trump can make america great again?,Why do you think the Americans believe in Trump but not in America?
"if we see something in our dreams and it happens to come out true after few days, what does that mean?",Are dreams just a memory of old decisions or will they come true after them?
"if we see something in our dreams and it happens to come out true after few days, what does that mean?","After I go through all days, do I have weekends?"
"if we see something in our dreams and it happens to come out true after few days, what does that mean?","What do we let come true after days, or even weeks, when we dream too many times?"
"if we see something in our dreams and it happens to come out true after few days, what does that mean?","How do dreams make butt stories true after a year, or even months, after being outside and none of these dreams had happened before?"
"if we see something in our dreams and it happens to come out true after few days, what does that mean?","What are actual dreams which come out after days, and how do you get them to not happen?"
"if we see something in our dreams and it happens to come out true after few days, what does that mean?",Is it true that the dreams that you have happen to you happen to you after you have been dead for 24 hours?
"if we see something in our dreams and it happens to come out true after few days, what does that mean?","What happens if we have dreams that happen to be true time after hours, by reason of our dreams being after days?"
"if we see something in our dreams and it happens to come out true after few days, what does that mean?","Do dreams even come true after days, if you do cover them up?"
"if we see something in our dreams and it happens to come out true after few days, what does that mean?",Does dying come true after nights is Awesome or Not?
"if we see something in our dreams and it happens to come out true after few days, what does that mean?","What happens after years of dreams come out true after a few days, why?"
what do i gift my boyfriend for his birthday?,What can I do to make my best best friend boyfriend give me his birthday gift?
what do i gift my boyfriend for his birthday?,Do I get to pass out on my boyfriends birthday?
what do i gift my boyfriend for his birthday?,Can you gift me another boyfriend birthday?
what do i gift my boyfriend for his birthday?,Does my friend get a gift for me on birthday?
what do i gift my boyfriend for his birthday?,Why do people get married at a very early age?
what do i gift my boyfriend for his birthday?,How can I gift future boyfriend for my birthday?
what do i gift my boyfriend for his birthday?,What gift can I have my boyfriend for my birthday?
what do i gift my boyfriend for his birthday?,What are some gift ideas for your best friend that you just might give him when you're birthday?
what do i gift my boyfriend for his birthday?,How can I make my boyfriend a gift for my birthday?
what do i gift my boyfriend for his birthday?,When who should I gift my boyfriend for my birthday?
